,Unnamed: 0,links,titles,domain,UniqueIdentifier,StationName,Location,articles,openie_tuples
0,0,http://www.WSFA.com/story/37148991/14-year-old-boy-shot-in-mobile, 14 - year - old boy shot in Mobilewsfa.com -  (English / United States),WSFA,WSFA,WSFA (NBC),"Montgomery, AL","14-year-old boy shot in Mobile2017-12-27T23:28:44Z2017-12-28T00:45:58Z(FOX10 News)MOBILE, AL (WALA) -Mobile Police said a 14-year-old boy was shot on Halifax Drive Wednesday afternoon.Officers arrived at the scene around 4:15 p.m. and found the teen with a gunshot wound to the chest. Investigators said the boy was accidentally shot by a 14-year-old relative while they were playing with a gun.The victim is hospitalized in critical but stable condition.All content (c) 2017, WALA; Mobile, AL. (A Meredith Corporation Station). All Rights Reserved.","[(u'Halifax', u'is on', u'Drive')]"
1,1,http://www.wesh.com/article/father-accused-of-shooting-4-year-old-son-to-face-judge-tuesday/14497906, Father accused of accidentally shooting 4 - year - old son to face judge Tuesdaywesh.com -  (English / United States),WESH,WESH,WESH-ORD (NBC),"Daytona Beach, FL","LEESBURG, Fla. --A man accused of accidentally shooting and injuring his four-year-old is set to face a judge on Tuesday.Herbert James, 24, faces aggravated child abuse charges.Leesburg police went to Stock Subdivision in late November after they received reports of gunshots being fired in the area.Officers said they found a vehicle parked at a home on Berwick Drive that had two bullet holes in the windshield.According to authorities, James exited the home and when officers began to ask him questions about the bullet holes in the car, he became uncooperative and went back inside the residence.Police said they heard gunshots from inside the home shortly after James went back in, and entered immediately to check on those inside.Inside the home, James was standing in his living room with a gun in his hand, while a woman stood near him with their 4-year-old son in her arms, according to police.Police determined that James' son had been accidentally shot in his torso when the gun was fired. Authorities said James was in his bedroom when the gun went off accidentally. They believe the bullet traveled through a closet wall and into another bedroom where the boy was struck while sleeping in his bed.""I feel just bad, it was my firearm. I could have been more careful with it."" James told WESH 2 News after the incident. ""It really was just a big mistake. I need to be with my son, I don't really need to be here.""",[]
2,2,http://www.kmov.com/story/37147945/sheriff-17-year-old-boy-accidentally-fatally-shot-cousin, Sheriff : 17 - year - old boy accidentally fatally shot cousinkmov.com -  (English / United States),KMOV,KMOV,KMOV-STL (CBS),"St. Louis, MO","Sheriff: 17-year-old boy accidentally fatally shot cousinPosted:Wednesday, December 27, 2017 3:33 PM ESTUpdated:Wednesday, December 27, 2017 3:33 PM ESTCredit: KMOVWILMINGTON, Ill. (AP) - Authorities say a 15-year-old boy was accidentally fatally shot by his 17-year-old cousin at a house attached to a church in Wilmington.The Will County Sheriff's Office said Wednesday that the teens were in a bedroom in a residence connected to the Christian Faith Center late Tuesday when they thought they heard someone trying to break into the church. The sheriff's office says the older boy had a rifle retrieved from a closet when he tripped and fell.Officials say the rifle accidentally discharged, striking the younger boy who died at a Kankakee hospital early Wednesday. Sheriff's officials say detectives questioned the 17-year-old boy, who wasn't charged. Authorities say the pastor legally owned the rifle.Sheriff Mike Kelley called it a ""tragic accident.""Wilmington is southwest of Chicago. The boys' identities weren't released.Copyright 2017 The Associated Press. All rights reserved. This material may not be published, broadcast, rewritten or redistributed.","[(u""Wilmington.The Will County Sheriff 's Office"", u'is in', u'church'), (u'residence connected to Christian Faith Center late Tuesday', u'is in', u'bedroom'), (u'office', u'has', u'sheriff'), (u'officials', u'has', u'Sheriff')]"
3,3,http://www.wwl.com/articles/deadly-christmas-eve-shooting-was-no-accident-say-kenner-police," Deadly Christmas Eve shooting was no accident , say Kenner policewwl.com -  (English / United States)",WWL,WWL,WWL-NO (CBS),"New Orleans, LA","She said her boyfriend accidentally shot himself Christmas Eve, but Kenner authorities say the autopsy says otherwise.Police say 29-year-old Dominique Kendra Wix told them her boyfriend, 25-year-old Akoya Skeith accidentally shot himself while pulling his gun out of his waistband. But when Skeith died, the autopsy told a different tale.""After they looked at the trajectory and some of the other evidence that was there, the coroner's office disagreed that there was any way possible he could have fired the gun,"" said Kenner police Lt. Brian McGregor.""A projectile had entered the lower left side of Skeith abdomen and exited approximately three inches higher from his right torso,"" McGregor says the autopsy showed them. ""It was determined at autopsy that the location of the gunshot wound, the trajectory of the projectile, and the lack of marks from discharging a firearm at close range, that Skeith did not fire the weapon.""McGregor says when detectives confronted Wix, she changed her story and admitted she shot Skeith:""Wix claimed that on the night of incident, she and Skeith was in their upstairs bedroom.  Skeith had a firearm in his waist band and made an aggressive move in her direction with his body while standing across from her.  Wix first advised that Skeith's movement frightened her, at which time she retrieved her 9mm handgun from an end table and pointed it at Skeith and shot him.  Wix then stated that she only pointed the weapon at Skeith in a 'playing' fashion and that the two were not involved in any type of argument, contradicting her previous statement of being frightened.""Now Wix is facing a manslaughter charge.","[(u'29-year-old', u'is', u'Dominique Kendra Wix'), (u'25-year-old', u'is', u'Akoya Skeith'), (u'Akoya Skeith', u'boyfriend', u'her'), (u'different tale', u'told', u'autopsy'), (u'tale', u'told', u'autopsy'), (u'Kenner', u'is police Lt. of', u'Brian McGregor'), (u'office', u'has', u'coroner'), (u'Kenner', u'is', u'Brian McGregor'), (u'Lt.', u'is', u'Brian McGregor'), (u'determined', u'was', u'It'), (u'autopsy', u'was determined at', u'It'), (u'Skeith', u'shot', u'she'), (u'standing from her', u'made move', u'Skeith'), (u'her direction with his body', u'made move in', u'Skeith'), (u'standing across', u'made move', u'Skeith'), (u'his waist band', u'had firearm in', u'Skeith'), (u'her direction', u'made move in', u'Skeith'), (u'standing across from her', u'made move', u'Skeith'), (u'move', u'made', u'Skeith'), (u'standing', u'made move', u'Skeith'), (u'his body', u'is with', u'her direction'), (u'firearm', u'had', u'Skeith'), (u'aggressive move', u'made', u'Skeith'), (u'it', u'pointed', u'she'), (u'movement', u'has', u'Skeith'), (u'her handgun', u'retrieved', u'she'), (u'him', u'shot', u'she'), (u'her', u'frightened', u""Skeith 's movement""), (u'her 9mm handgun', u'retrieved', u'she'), (u'Skeith', u'pointed at', u'she')]"
4,4,http://www.wjcl.com/article/family-grieves-son-accidentally-shot-killed-by-father-on-christmas-eve/14508936," Family grieves son accidentally shot , killed by father on Christmas Evewjcl.com -  (English / United States)",WJCL,WJCL,WJCL-SAV (ABC),"Savannah, GA","CULLMAN, Ala. --An Alabama family is grieving after a 22-year-old's life was tragically cut short on Christmas Eve.Family members say Logan Trammell loved music and knew one day he'd be a star.""He loved writing songs, he was so, how that kid could come up with a song as quick as he did. He just has notebooks full,"" Logan's aunt, Tammy Jacobs, said.The Cullman man was killed in a shooting the day before Christmas.Jacobs said her brother, Logan's father, thought someone was stealing his truck that night and drew his gun.""He said he shot it up in the air and they kind of sped up and said he shot one more time toward, aiming toward the tailgate of the truck and the truck stopped,"" Jacobs said.""It's over 50 yards out there with a pistol and its pitch black, it's a long way and he said he just pointed and shot,"" Tommy Jacobs, the victim's uncle, said.Logan's father, soon realizing he had just shot his own son, frantically began dialing 911. Family members desperately tried to keep the young man alive.""I tried to save him and I just prayed 'God, help me save him, you've helped me so many times.' God had a better purpose,"" Jacobs said, through tears.The Cullman County Sheriff's Office is investigating the death.","[(u'cut short on Christmas Eve.Family members', u'is grieving', u'Alabama family'), (u'cut on Christmas Eve.Family members', u'is grieving', u'Alabama family'), (u'Christmas Eve.Family members', u'was cut short on', u'Alabama family'), (u'cut short', u'is grieving', u'Alabama family'), (u'tragically cut', u'is grieving', u'Alabama family'), (u'Christmas Eve.Family members', u'was tragically cut short on', u'Alabama family'), (u'life', u'after', u'22-year-old'), (u'say', u'is grieving', u'Alabama family'), (u'tragically cut short', u'is grieving', u'Alabama family'), (u'cut short', u'was', u'Alabama family'), (u'tragically cut short', u'was', u'Alabama family'), (u'Christmas Eve.Family members', u'was tragically cut on', u'Alabama family'), (u'Christmas Eve.Family members', u'was cut on', u'Alabama family'), (u'tragically cut short on Christmas Eve.Family members', u'is grieving', u'Alabama family'), (u'cut', u'was', u'Alabama family'), (u'cut', u'is grieving', u'Alabama family'), (u'tragically cut', u'was', u'Alabama family'), (u""22-year-old 's life"", u'is grieving after', u'Alabama family'), (u'tragically cut on Christmas Eve.Family members', u'is grieving', u'Alabama family'), (u'songs', u'writing', u'He'), (u'Christmas.Jacobs said', u'was killed', u""Logan 's aunt""), (u'father', u'has', u'Logan'), (u'notebooks', u'has', u'He'), (u'killed', u'was', u""Logan 's aunt""), (u'said.The Cullman man', u""'s aunt is"", u'Logan'), (u'notebooks', u'just has', u'He'), (u'notebooks full', u'has', u'He'), (u'shooting', u'was killed in', u""Logan 's aunt""), (u'aunt', u'has', u'Logan'), (u'father', u'brother', u'her'), (u'notebooks full', u'just has', u'He'), (u'Tammy Jacobs', u""'s aunt is"", u'Logan'), (u'his own son', u'just shot', u'he'), (u'long way', u'has', u'it'), (u'his son', u'shot', u'he'), (u'pistol', u'is with', u'50 yards'), (u'uncle', u'has', u'victim'), (u'said.Logan', u""father 's"", u'Tommy Jacobs'), (u'his own son', u'shot', u'he'), (u'victim', u""uncle 's"", u'Tommy Jacobs'), (u'way', u'has', u'it'), (u'his son', u'just shot', u'he'), (u'father', u'has', u'said.Logan'), (u'long', u'has', u'it'), (u'keep', u'tried', u'Family members'), (u'man alive', u'keep', u'Family members'), (u'keep', u'desperately tried', u'Family members'), (u'young man alive', u'keep', u'Family members'), (u'him', u'save', u'I'), (u'him', u'save', u'me'), (u'God', u'prayed', u'I'), (u'God', u'just prayed', u'I')]"
5,5,http://www.wtvm.com/story/37154531/deputies-4-year-old-fatally-shoots-himself-in-brierfield, Deputies : 4 - year - old fatally shoots himself in Brierfieldwtvm.com -  (English / United States),WTVM,WTVM,WTVM (ABC),"Columbus, GA","NewsDeputies: 4-year-old fatally shoots himself in Brierfield2017-12-28T20:51:56Z2017-12-28T23:35:05Z(Source: Raycom images)BIBB COUNTY, AL (WBRC) -A 4-year-old fatally shot himself Thursday in Brierfield.Bibb County Sheriff's Deputies are investigating and say the boy found a gun in his home. He accidentally shot himself.Investigators say the boy was driven to Six Mile Supply to meet an Ambulance but he died before paramedics could arrive.Copyright 2017WBRC. All rights reserved.","[(u'his home', u'is in', u'gun'), (u""'s Deputies"", u'in', u'Sheriff'), (u'himself', u'fatally shoots in', u'4-year-old'), (u'himself', u'fatally shoots', u'4-year-old'), (u'Brierfield.Bibb County', u'is Sheriff of', u""'s Deputies""), (u'himself', u'shoots', u'4-year-old'), (u'himself', u'shoots in', u'4-year-old')]"
6,6,http://www.wbrc.com/story/37154531/deputies-5-year-old-fatally-shoots-himself-in-brierfield, Deputies : 5 - year - old fatally shoots himself in Brierfield - WBRC FOX6 Newswbrc.com -  (English / United States),WBRC,WBRC,WBRC-BIRM (FOX),"Birmingham, AL","NewsDeputies: 4-year-old fatally shoots himself in Brierfield2017-12-28T20:51:56Z2017-12-28T23:35:05Z(Source: Raycom images)BIBB COUNTY, AL (WBRC) -A 4-year-old fatally shot himself Thursday in Brierfield.Bibb County Sheriff's Deputies are investigating and say the boy found a gun in his home. He accidentally shot himself.Investigators say the boy was driven to Six Mile Supply to meet an Ambulance but he died before paramedics could arrive.Copyright 2017WBRC. All rights reserved.","[(u'his home', u'is in', u'gun'), (u""'s Deputies"", u'in', u'Sheriff'), (u'himself', u'fatally shoots in', u'4-year-old'), (u'himself', u'fatally shoots', u'4-year-old'), (u'Brierfield.Bibb County', u'is Sheriff of', u""'s Deputies""), (u'himself', u'shoots', u'4-year-old'), (u'himself', u'shoots in', u'4-year-old')]"
7,7,http://www.wlox.com/story/37154531/deputies-4-year-old-fatally-shoots-himself-in-brierfield, Deputies : 4 - year - old fatally shoots himself in Brierfield - WLOX . comwlox.com -  (English / United States),WLOX,WLOX,WLOX (ABC),"Biloxi, MS","NewsDeputies: 4-year-old fatally shoots himself in Brierfield2017-12-28T20:51:56Z2017-12-28T23:35:05Z(Source: Raycom images)BIBB COUNTY, AL (WBRC) -A 4-year-old fatally shot himself Thursday in Brierfield.Bibb County Sheriff's Deputies are investigating and say the boy found a gun in his home. He accidentally shot himself.Investigators say the boy was driven to Six Mile Supply to meet an Ambulance but he died before paramedics could arrive.Copyright 2017WBRC. All rights reserved.","[(u'his home', u'is in', u'gun'), (u""'s Deputies"", u'in', u'Sheriff'), (u'himself', u'fatally shoots in', u'4-year-old'), (u'himself', u'fatally shoots', u'4-year-old'), (u'Brierfield.Bibb County', u'is Sheriff of', u""'s Deputies""), (u'himself', u'shoots', u'4-year-old'), (u'himself', u'shoots in', u'4-year-old')]"
8,8,http://wiat.com/2017/12/28/4-year-old-bibb-county-child-dies-after-accidentally-shooting-self-in-the-face/, 4 - year - old Bibb County child dies after accidentally shooting self in the facewiat.com -  (English / United States),WIAT,WIAT,WIAT-BIRM (CBS),"Birmingham, AL","BRIERFIELD, Ala. (WIAT) -- A 4-year-old boy has died Thursday afternoon after he got hold of a gun at family's home and accidentally shot himself in the face, Bibb County District Attorney Michael Jackson tells CBS 42.Jackson tells us the family lived in a rural area, in the 500 block of Cahaba Hill Road, and drove to a store to call emergency services. The child passed away at 6 Mile Supply grocery store.Sheriff Jody Wade says the family thought the store was the quickest way they could get to people to get help. Wade believes the family moved into the home recently, and didn't have the ability to access communications from there.Wade tells us the family said they had the gun stored in what they thought was a safe place. Family members were home at the time of the shooting; they heard the gun go off and found the child injured.The Sheriff's Office is investigating.","[(u'Bibb County', u'is', u'Michael Jackson'), (u""hold of gun at family 's home"", u'got', u'he'), (u'Bibb County', u'is District Attorney of', u'Michael Jackson'), (u'CBS 42', u'tells', u'BRIERFIELD'), (u""gun at family 's home"", u'hold of', u'he'), (u'himself', u'shot', u'he'), (u'Thursday afternoon', u'died at_time', u'4-year-old boy'), (u'hold', u'got', u'he'), (u'home', u'at', u'family'), (u'Thursday afternoon', u'died at_time', u'boy'), (u'hold of gun', u'got', u'he'), (u'CBS 42', u'tells', u'Bibb County District Attorney Michael Jackson'), (u'District Attorney', u'is', u'Michael Jackson'), (u'himself', u'accidentally shot', u'he'), (u'gun', u'hold of', u'he'), (u'rural area', u'lived in', u'family'), (u'store', u'drove to', u'family'), (u'500 block', u'lived in', u'family'), (u'500 block of Cahaba Hill Road', u'lived in', u'family'), (u'area', u'lived in', u'family'), (u'us', u'tells', u'Jackson'), (u'says', u'passed away', u'child'), (u'says', u'passed', u'child')]"
9,9,http://wkbn.com/2017/12/27/warren-crime-activity-police-investigate-child-with-injury-from-gunshot/, Warren crime activity : Police investigate child with injury from gunshotwkbn.com -  (English / United States),WKBN,WKBN,WKBN (CBS),"Youngstown, OH","Friday, December 221:30 a.m. - 1200 block of Harvard Dr. SE, Cheyenna Hastings, 23, charged with assault, disorderly conduct, drug paraphernalia and possession of marijuana. Officers were called to a car crash that happened in the parking lot of an apartment building. Police said Hastings, who had gone into the building, was at fault for the crash. When officers went to her apartment to talk to her, they noticed marijuana and pipes on the floor. She became ""belligerent"" and appeared to be under the influence, police said. At one point, Hastings slipped out of her handcuffs and punched the other driver, according to a police report. Officers said Hastings told police she was menstrual and threatened to relieve herself in the cruiser.8:50 a.m. - 1000 block of Woodbine Ave., a woman told police that her children were bitten by the neighbor's dog. The neighbor told police that the dogs belong to her boyfriend. A report was sent to the city's dog warden for further investigation.1:40 p.m. - 600 block of Eastland Ave., a 6-year-old girl was shot through the hand. Police spoke with the girl's mother, who said the gun accidentally discharged. Police said the girl's wound on her finger was minor. The mother hasn't been charged.Saturday, December 232 a.m. - 1600 block of N. Park Ave., a man reported being attacked by five other men at Rock Bottom Cafe. He said he was attacked after telling them to stop ""making fun of a dead kid.""3:42 p.m. - 400 block of Perkinswood Blvd. SE, Matthew McFarland, 33, of Warren, arrested on a warrant for an aggravated robbery charge.Sunday, December 242:07 a.m. - 2400 block of Parkman Rd. NW, a man reported that he was assaulted at the drive-thru of McDonald's. He said he didn't know the man who assaulted him but told police that he was intoxicated and in the other drive-thru line.3:33 a.m. - 2200 block of Beck St. SE, police were called to the area for a report of shots fired. An officer reported seeing a man in the area, who ran from the officer. Police reported hearing another gunshot and a .22 caliber revolver was found in the area of where the suspect ran. The suspect was arrested but later released. His name was not listed in a police report.Monday, December 251:11 a.m. - 500 block of Commerce Ave. NW, Tyreek Barnett, 22, of Sharon, Pa., arrested and charged with assault. A woman said Barnett assaulted her. She said Barnett was upset because he told her to sell her son's Christmas presents and she refused. The woman said Jenkins also pulled a knife on her and choked her, and her 11-year-old son broke up the fight.Tuesday, December 262:25 a.m. - 1200 block of Main St.,police were called to the area after a woman reported being shot in the back.Investigators then found 28-year-old Scott Rockenfelder lying across the driver's side seat of a vehicle near the curb. The woman told police said she was driving the car when they were shot. Police said there was a fight elsewhere, but when the victims ended up at the intersection of Main Avenue and 2nd Street, they were surrounded and shot. Rockenfelder died of his injuries.9:18 p.m. - 2200 block of N. Feederle Dr. SE, Trumbull Metropolitan Housing Authority officers were called to check on a woman who was suspected of using drugs. Police said when officers arrived, they found a woman holding her 11-month-old child, who appeared to have several bruises. She told police that the child fell down the steps. Police said the apartment was deplorable and was not safe for the child. The child was taken to the hospital, and a report was sent to Children Services.Wednesday, December 275:45 a.m. - 400 block of York Ave. SW, James Chambers, 51, arrested and charged with felonious assault. A woman told police that Chambers held a knife to her throat after an argument about her going to the methadone clinic. Police said the woman had a cut on her neck, but it did not appear to require medical attention.Disclaimer: These reports don't represent all calls made to the Warren City Police Department. This public information was provided in reports from the Warren City Police Department. Items reflect charges filed, not convictions.Looking for more crime activity? See more communities here:.","[(u'23', u'is', u'Cheyenna Hastings'), (u'called', u'were', u'Officers'), (u'pipes', u'noticed', u'they'), (u'floor', u'noticed pipes on', u'they'), (u'talk to her', u'went', u'officers'), (u'marijuana', u'noticed', u'they'), (u'her', u'talk to', u'officers'), (u'talk', u'went', u'officers'), (u'floor', u'noticed marijuana on', u'they'), (u'her apartment', u'went to', u'officers'), (u'driver', u'punched', u'Hastings'), (u'police report', u'slipped according to', u'Hastings'), (u'one point', u'slipped At', u'Hastings'), (u'other driver', u'punched', u'Hastings'), (u'her handcuffs', u'slipped out of', u'Hastings'), (u'dog', u'by', u'neighbor'), (u'police', u'told', u'neighbor'), (u'warden', u'to', u'city'), (u""sent to city 's dog warden for investigation"", u'was', u'report'), (u'further investigation', u'was sent for', u'report'), (u'sent', u'was', u'report'), (u'investigation', u'was sent for', u'report'), (u""sent to city 's dog warden for further investigation"", u'was', u'report'), (u""city 's dog warden"", u'was sent to', u'report'), (u'mother', u'with', u'girl'), (u'wound on finger', u'has', u'girl'), (u'33', u'is', u'Matthew McFarland'), (u'Matthew McFarland', u'of SE is', u'Warren'), (u'242:07 a.m.', u'of SE is', u'Warren'), (u'warrant', u'arrested on', u'SE'), (u'33', u'of SE is', u'Warren'), (u'warrant aggravated robbery charge.Sunday', u'arrested on', u'SE'), (u'warrant robbery charge.Sunday', u'arrested on', u'SE'), (u'man', u'seeing', u'officer'), (u'area', u'is in', u'man'), (u'.22 caliber revolver', u'hearing', u'Police'), (u'area suspect ran', u'was found in', u'Police reported'), (u'found', u'was', u'Police reported'), (u'area where suspect ran', u'was found in', u'Police reported'), (u'arrested', u'was', u'suspect'), (u'Christmas presents', u'has', u'son'), (u'side seat of vehicle near curb', u'across', u'driver'), (u'28-year-old', u'is', u'Scott Rockenfelder'), (u'police', u'told', u'woman'), (u'called', u'were', u'.9:18 p.m.'), (u'check', u'were called', u'.9:18 p.m.'), (u'called', u'were', u'p.m.'), (u'check', u'were called', u'p.m.'), (u'police', u'told', u'She'), (u'sent', u'was', u'report'), (u'51', u'is', u'James Chambers'), (u'hospital', u'was taken to', u'child'), (u'taken', u'was', u'child'), (u'Children Services.Wednesday', u'was sent to', u'report'), (u'December 275:45 a.m.', u'was sent to', u'report'), (u'knife', u'held', u'Chambers'), (u'her throat', u'held knife to', u'Chambers'), (u'argument her going to methadone clinic', u'held knife after', u'Chambers'), (u'argument her going', u'held knife after', u'Chambers'), (u'police', u'told', u'woman'), (u'provided', u'was', u'public information'), (u'provided', u'was', u'information'), (u'reports from Warren City Police Department', u'was provided in', u'public information'), (u'reports', u'was provided in', u'information'), (u'reports from Warren City Police Department', u'was provided in', u'information'), (u'reports', u'was provided in', u'public information')]"
10,10,http://www.kvoa.com/story/37155143/court-records-man-accidentally-shoots-and-kills-father, Court records : Man accidentally shoots and kills father - KVOA | KVOA . comkvoa.com -  (English / United States),KVOA,KVOA,KVOA (NBC),"Tucson, AZ","Court records: Man accidentally shoots and kills fatherPosted:Thursday, December 28, 2017 5:32 PM ESTUpdated:Thursday, December 28, 2017 5:35 PM ESTTUCSON - A man is dead after his son appears to have accidentally shot him, according to court records.A 41-year-old man called 911 on Dec. 22 at about 4 a.m. He said he accidentally shot his father at Le Mirage Apartments near Thornydale Road and Linda Vista Boulevard, according to a warrant filed by the Pima County Sheriff's Department.The son told detectives they both woke up to get ready for work.""[The son] picked [the handgun] up and handed it to his father. [The son] said when his father grabbed the gun, it went off while still in his hand,"" according to the records.The man was dead on the living room floor with what appeared to be a single wound to the chest.Detectives are investigating the case and working with the Pima County Attorney's Office. No charges have been filed at this time, according to Deputy Ryan Inglett.","[(u'his son appears', u'is dead', u'2017 5:35 PM ESTTUCSON man'), (u'him', u'shot', u'his son'), (u'dead', u'is', u'2017 PM ESTTUCSON man'), (u'dead', u'is', u'2017 5:35 PM ESTTUCSON man'), (u'his son appears', u'is dead', u'2017 PM ESTTUCSON man'), (u'him', u'accidentally shot', u'his son'), (u'fatherPosted', u'kills', u'Man'), (u'Linda Vista', u'is', u'Boulevard'), (u'Department.The son', u'by', u'Sheriff')]"
11,11,http://www.wowt.com/content/news/Accidental-shooting-reported-at-indoor-range--467038373.html, Accidental shooting reported at indoor rangewowt.com -  (English / United States),WOWT,WOWT,WOWT (NBC),"Omaha, NE","OMAHA, Neb. (WOWT) --Authorities say a former Omaha police officer accidentally shot himself at a gun range Saturday.The victim, 70-year-old Langston Farrish, was an Omaha Police Officer until 1998.The shooting reportedly happened Saturday at Inner 10 Weapons and Training in north Omaha. Police say video at the indoor range shows the shooting was accidental.Farrish was taken to Nebraska Medical Center, where he had surgery. As of Wednesday night, he is in fair condition.","[(u'70-year-old', u'is', u'Langston Farrish'), (u'north Omaha', u'reportedly happened in', u'shooting'), (u'Saturday', u'reportedly happened at_time', u'shooting'), (u'north Omaha', u'happened in', u'shooting'), (u'Saturday', u'happened at_time', u'shooting'), (u'Inner 10 Weapons', u'happened at', u'shooting'), (u'Inner 10 Weapons', u'reportedly happened at', u'shooting'), (u'Nebraska', u'is to', u'Medical Center'), (u'condition', u'is in', u'he'), (u'fair condition', u'is in', u'he')]"
12,12,http://www.wcnc.com/news/features/2017-in-review-top-10-photo-galleries/501731619, 2017 in review : Top 10 photo gallerieswcnc.com -  (English / United States),WCNC,WCNC,WCNC-CLT (NBC),"Charlotte, NC","Mitzi Morris, WCNC8:40 AM. EST December 28, 2017Here are 2017's most memorable moments in pictures:Last year, Charlotte's number one photo gallery was Carolina Panther Greg Olsen's Waxhaw home going on the market. This year, a different house up for sale took the title: the Lake Norman home where several scenes from Talladega Nights: The Ballad of Ricky Bobby were filmed.The 9,802 sq. foot home was listed in September at $4,200,000, with five bedrooms, six full baths and three partial baths. It was built in 2002 and stood on 1.3 acres. The home was in a private gated community in Cornelius.WCNCToward the end of the first week in January, the Charlotte-area was under a winter storm warning.The Charlotte Department of Transportation rolled out most of its fleet of snow plows to treat the roads ahead of the storm. At Charlotte Douglas International Airport, CDOT pre-treated all the roads in the area, including Josh Birmingham Parkway.Charlotte-Mecklenburg Schools canceled activities for January 6 and the weekend. However, school operated on a normal schedule on Friday.In October, authorities in Georgia confirmed a two-week-old baby discovered in the woods died from blunt force trauma to the head. The baby, found by a search party in Newton County, was identified as Caliyah McNabb.Her father, Christopher McNabb, was charged with malice murder, felony murder, aggravated battery and concealing a death.A warrant said McNabb wrapped his daughter's body in a t-shirt and blanket before putting her in a drawstring bag and hiding her in the woods.(Photo: Coldwell Banker Real Estate)A mansion in the middle of nowhere went on the market in June for less than $140,000.The Read Mansion was built in 1914 in Winner, South Dakota, and no one really knows why. Local legend includes an account of multiple houses being moved to the area and joined together.After five months on the market, hundreds of phone calls from all over the U.S. and around the globe, sight-unseen cash offers, bizarre questions and nearly daily emails, the mansion sold to  the managers of the local airport for about $119,000.13-year-old Malachi Hemphill died after shooting himself on Instagram Live. His mother said the shooting was an accident.In April, more than a dozen people were watching Malachi Nasir Hemphill live on Instagram in Forest Park, Georgia when he accidentally shot himself in the head.His mother said her 13-year-old son was attempting to put a clip in the gun when it went off. The boy later died at a local hospital.Police began investigating where Hemphill got the Hi-Point 9 mm pistol. No signs pointed to the shooting being suicide, investigators said.A man was credited with helping capture a wanted Kershaw County, South Carolina suspect in August.Deputies said 21-year-old Christopher Cravets had been on the run for several hours when Charles Belcher found him in the back of an SUV in carport. Belcher was visiting his girlfriend at the time.""I came out to check the green Explorer and saw somebody in the back and I just pulled my weapon and ordered him out of the vehicle and made him get on the ground until the cops got here,"" Belcher said.As you click through this gallery. you see the sports logo first, followed by an explainer of the hidden image.In what was called one of the largest indictments ever handed down in the Western District of North Carolina, 83 alleged members of the United Blood Nation gang were charged with a slew of crimes in May.The crimes included racketeering and murder, as well as dealing drugs and guns. According to the 163-page indictment, the criminal activity started in or around September 2009 and continued through 2017.A number of those indicted were accused of bank fraud, wire fraud, and aggravated identity theft.Carolinians had to clean up after Hurricane Irma roared through the region in September.After moving north through Georgia, the National Hurricane Center downgraded Irma to a post-tropical cyclone. Charlotte saw wind gusts up to 45 mph, while Grandfather Mountain saw the strongest gusts at 62 mph.At least 18 school districts in the Charlotte area were delayed due to widespread power outages. In Cleveland County, three schools were forced to close after crews were unable to restore power in time for classes.Tourists watch the 'Old Faithful' geyser which erupts on average every 90 minutes in the Yellowstone National Park, Wyoming on June 1, 2011. Credit: MARK RALSTON/AFP/Getty Images(Photo: MARK RALSTON, 2011 AFP)Established on March 1, 1872, Yellowstone National Park has the distinct honor of being the world's first national park.Last year, more than 4 million people visited the park that spans more than 3,472 square miles over three states - Idaho, Montana and (mostly) Wyoming.With such a massive size and varied terrain, there's plenty to do in Yellowstone, and plenty for kids, too.(c) 2017 WCNC.COM","[(u'pictures', u'is in', u""2017 's memorable moments""), (u'number one photo gallery', u'has', u'Charlotte'), (u""year Carolina Panther Greg Olsen 's Waxhaw home going"", u'was', u""Charlotte 's number one photo gallery""), (u'market', u'going on', u""Charlotte 's number one photo gallery""), (u""year Carolina Panther Greg Olsen 's Waxhaw home going on market"", u'was', u""Charlotte 's number photo gallery""), (u""2017 's moments in pictures"", u'are', u'2017Here'), (u""Last year Carolina Panther Greg Olsen 's Waxhaw home going"", u'was', u""Charlotte 's number one photo gallery""), (u""Carolina Panther Greg Olsen 's Waxhaw home going"", u'was', u""Charlotte 's number photo gallery""), (u""Last year Carolina Panther Greg Olsen 's Waxhaw home"", u'was', u""Charlotte 's number one photo gallery""), (u""Last year Carolina Panther Greg Olsen 's Waxhaw home going"", u'was', u""Charlotte 's number photo gallery""), (u""Last year Carolina Panther Greg Olsen 's Waxhaw home going on market"", u'was', u""Charlotte 's number one photo gallery""), (u""Carolina Panther Greg Olsen 's Waxhaw home"", u'was', u""Charlotte 's number photo gallery""), (u""2017 's moments"", u'are', u'2017Here'), (u""2017 's most memorable moments"", u'are', u'2017Here'), (u""year Carolina Panther Greg Olsen 's Waxhaw home going"", u'was', u""Charlotte 's number photo gallery""), (u""Carolina Panther Greg Olsen 's Waxhaw home going on market"", u'was', u""Charlotte 's number photo gallery""), (u""Carolina Panther Greg Olsen 's Waxhaw home going on market"", u'was', u""Charlotte 's number one photo gallery""), (u""2017 's most memorable moments in pictures"", u'are', u'2017Here'), (u""2017 's memorable moments in pictures"", u'are', u'2017Here'), (u""Last year Carolina Panther Greg Olsen 's Waxhaw home going on market"", u'was', u""Charlotte 's number photo gallery""), (u""Carolina Panther Greg Olsen 's Waxhaw home"", u'was', u""Charlotte 's number one photo gallery""), (u'market', u'going on', u""Charlotte 's number photo gallery""), (u""year Carolina Panther Greg Olsen 's Waxhaw home"", u'was', u""Charlotte 's number one photo gallery""), (u""Carolina Panther Greg Olsen 's Waxhaw home going"", u'was', u""Charlotte 's number one photo gallery""), (u""2017 's memorable moments"", u'are', u'2017Here'), (u'most memorable moments in pictures', u'has', u'2017'), (u""year Carolina Panther Greg Olsen 's Waxhaw home going on market"", u'was', u""Charlotte 's number one photo gallery""), (u""year Carolina Panther Greg Olsen 's Waxhaw home"", u'was', u""Charlotte 's number photo gallery""), (u""Last year Carolina Panther Greg Olsen 's Waxhaw home"", u'was', u""Charlotte 's number photo gallery""), (u'year', u'took title at_time', u'house'), (u'title', u'took', u'different house'), (u'five bedrooms', u'is with', u'filmed.The 9,802 sq. foot home'), (u'year', u'took title at_time', u'different house'), (u'title', u'took', u'house'), (u'1.3 acres', u'stood on', u'It'), (u'built', u'was', u'It'), (u'2002', u'was built in', u'It'), (u'storm', u'is under', u'Charlotte Department of Transportation'), (u'Cornelius.WCNCToward', u'is in', u'private gated community'), (u'private', u'was', u'home'), (u'gated', u'was', u'home'), (u'community', u'was in', u'home'), (u'gated community', u'was in', u'home'), (u'winter', u'is under', u'Charlotte Department of Transportation'), (u'private community', u'was in', u'home'), (u'private gated community', u'was in', u'home'), (u'Charlotte Douglas International Airport', u'pre-treated At', u'CDOT'), (u'Charlotte Douglas', u'is At', u'International Airport'), (u'Georgia', u'is in', u'authorities'), (u'force trauma', u'died from', u'baby'), (u'head', u'died to', u'baby'), (u'blunt force trauma', u'died from', u'two-week-old baby'), (u'head', u'died to', u'two-week-old baby'), (u'woods', u'discovered in', u'baby'), (u'schedule on Friday.In October', u'operated on', u'school'), (u'schedule', u'However operated on', u'school'), (u'woods', u'discovered in', u'two-week-old baby'), (u'force trauma', u'died from', u'two-week-old baby'), (u'normal schedule on Friday.In October', u'operated on', u'school'), (u'normal schedule', u'However operated on', u'school'), (u'blunt force trauma', u'died from', u'baby'), (u'schedule', u'operated on', u'school'), (u'normal schedule', u'operated on', u'school'), (u'schedule on Friday.In October', u'However operated on', u'school'), (u'normal schedule on Friday.In October', u'However operated on', u'school'), (u'Newton', u'is in', u'County'), (u'County', u'is in', u'search party'), (u'identified', u'was', u'baby'), (u'body', u'has', u'daughter'), (u'market', u'went on', u'mansion'), (u'June', u'went in', u'mansion'), (u'$ 140,000', u'went for', u'mansion'), (u'middle of nowhere', u'is in', u'mansion'), (u'$ 119,000.13-year-old', u'is for', u'Malachi Hemphill'), (u'account of multiple houses', u'includes', u'Local legend'), (u'five months', u'joined together.After at_time', u'legend'), (u'multiple houses', u'account of', u'legend'), (u'together.After', u'joined', u'legend'), (u'account of houses', u'includes', u'legend'), (u'account', u'includes', u'Local legend'), (u'five months on market', u'joined together.After at_time', u'Local legend'), (u'himself', u'shooting', u'mansion'), (u'multiple houses', u'account of', u'Local legend'), (u'five months', u'joined together.After at_time', u'Local legend'), (u'together.After', u'joined', u'Local legend'), (u'account of houses', u'includes', u'Local legend'), (u'houses', u'account of', u'legend'), (u'houses', u'account of', u'Local legend'), (u'account', u'includes', u'legend'), (u'five months on market', u'joined together.After at_time', u'legend'), (u'account of multiple houses', u'includes', u'legend'), (u'local hospital.Police began', u'later died at', u'boy'), (u'hospital.Police', u'later died at', u'boy'), (u'hospital.Police began', u'later died at', u'boy'), (u'hospital.Police began', u'died at', u'boy'), (u'local hospital.Police', u'later died at', u'boy'), (u'local hospital.Police', u'died at', u'boy'), (u'hospital.Police', u'died at', u'boy'), (u'Hi-Point 9 mm pistol', u'got', u'Hemphill'), (u'local hospital.Police began', u'died at', u'boy'), (u'21-year-old', u'is', u'Christopher Cravets'), (u'carport', u'is in', u'SUV'), (u'his girlfriend', u'was visiting', u'Belcher'), (u'him', u'ordered', u'I'), (u'green Explorer', u'check', u'I'), (u'my weapon', u'just pulled', u'I'), (u'my weapon', u'pulled', u'I'), (u'cops got', u'get', u'him'), (u'somebody', u'saw', u'I'), (u'ground', u'get on', u'him'), (u'back', u'saw somebody in', u'I'), (u'Explorer', u'check', u'I'), (u'cops got here', u'get', u'him'), (u'North Carolina', u'is of', u'Western District of'), (u'dealing drugs', u'included', u'members'), (u'charged', u'were', u'members'), (u'May.The crimes', u'is in', u'crimes'), (u'drugs', u'included', u'members'), (u'racketeering', u'included', u'members'), (u'guns', u'racketeering', u'dealing drugs'), (u'guns', u'racketeering', u'drugs'), (u'murder', u'included', u'members'), (u'accused', u'were', u'number'), (u'September.After moving north through Georgia', u'roared in', u'Hurricane Irma'), (u'bank fraud', u'were accused of', u'number'), (u'September.After moving through Georgia', u'roared in', u'Hurricane Irma'), (u'September.After', u'roared in', u'Hurricane Irma'), (u'Irma', u'downgraded', u'National Hurricane Center'), (u'September.After moving north', u'roared in', u'Hurricane Irma'), (u'region', u'roared through', u'Hurricane Irma'), (u'had', u'were accused', u'number'), (u'September.After moving', u'roared in', u'Hurricane Irma'), (u'Charlotte area', u'is in', u'18 school districts'), (u'gusts', u'saw', u'Grandfather Mountain'), (u'wind gusts', u'saw', u'Charlotte'), (u'strongest gusts', u'saw', u'Grandfather Mountain'), (u'time for classes.Tourists', u'restore power in', u'crews'), (u'forced', u'were', u'schools'), (u'close', u'were forced', u'three schools'), (u'time', u'restore power in', u'crews'), (u'power', u'restore', u'crews'), (u'close', u'were forced', u'schools'), (u'unable', u'close', u'schools'), (u'Wyoming', u'watch', u'three schools'), (u'unable', u'were', u'crews'), (u'Cleveland County', u'were forced In', u'schools'), (u'Wyoming', u'watch', u'schools'), (u'June 1 , 2011', u'Wyoming on', u""Old Faithful ' geyser""), (u'Wyoming', u""' geyser is"", u'` Old Faithful'), (u'Wyoming on June 1 2011', u'watch', u'schools'), (u'Cleveland County', u'were forced In', u'three schools'), (u'Yellowstone National Park', u'is in', u'every 90 minutes'), (u'forced', u'were', u'three schools'), (u'Wyoming on June 1 2011', u'watch', u'three schools'), (u'Cleveland', u'is In', u'County'), (u'unable', u'close', u'three schools'), (u'year', u'has', u'world')]"
